{
    "uvs":[[0,0,0.3125,0,0.3125,1,0,1,0.3125,0,0.3125,1,0.8125,-0,0.8125,1,0.1875,1,0.1875,0]],
    "vertices":[0.8,3.2,-0.8,0.8,3.2,0.8,-0.8,3.2,0.8,-0.8,3.2,-0.800001,0.800001,4.8,-0.8,0.8,4.8,0.8,-0.8,4.8,0.8,-0.8,4.8,-0.8],
    "normals":[0,0,1,0,0,-1,1,0,-0,-0,1,0,-1,-0,0,0,-1,-0],
    "name":"Cube.001Geometry",
    "metadata":{
        "uvs":1,
        "vertices":8,
        "normals":6,
        "generator":"io_three",
        "version":3,
        "type":"Geometry",
        "faces":6
    },
    "faces":[41,0,1,2,3,0,1,2,3,0,0,0,0,41,4,7,6,5,0,1,2,3,1,1,1,1,41,0,4,5,1,0,4,5,3,2,2,2,2,41,1,5,6,2,6,7,8,9,3,3,3,3,41,2,6,7,3,0,1,2,3,4,4,4,4,41,4,0,3,7,0,1,2,3,5,5,5,5]
}